

insert into employee (id,first_name,last_name, role_id, manager_id) values (1,"Iron Man","Tony Stark", 1, 1);
insert into employee (id,first_name,last_name, role_id, manager_id) values (2,"Captain America","Steve Rodgers", 2, 2);
insert into employee (id,first_name,last_name, role_id, manager_id) values (3,"The Hulk","Bruce Banner", 3, 1);
insert into employee (id,first_name,last_name, role_id, manager_id) values (4,"Black Widow","Natalia Romanov", 4, 1);
insert into employee (id,first_name,last_name, role_id, manager_id) values (5,"Hawkeye","Clint Barton", 5, 2);
insert into employee (id,first_name,last_name, role_id, manager_id) values (6,"Thor","Odensin", 6, 1);

insert into role (id,title,salary, department_id) values (1,"Hero", 3000, 1);
insert into role (id,title,salary, department_id) values (2,"Captain", 678367092, 2);
insert into role (id,title,salary, department_id) values (3,"Nuclear Physicist", 500000, 3);
insert into role (id,title,salary, department_id) values (4,"Agent", 1000000, 4);
insert into role (id,title,salary, department_id) values (5,"Archer", 250000, 5);
insert into role (id,title,salary, department_id) values (6,"King", 10000000, 6);

insert into department (id, name) values (1, "Engineering");
insert into department (id, name) values (2, "Management");
insert into department (id, name) values (3, "Science");
insert into department (id, name) values (4, "Secret");
insert into department (id, name) values (5, "Archery");
insert into department (id, name) values (6, "Asgard");
